,0
In Her Wake,One
How Music Works,Two
"Foolproof Preserving: A Guide to Small Batch Jams, Jellies, Pickles, Condiments, and More: A Foolproof Guide to Making Small Batch Jams, Jellies, Pickles, Condiments, and More",Three
Chase Me (Paris Nights #2),Five
Black Dust,Five
Birdsong: A Story in Pictures,Three
America's Cradle of Quarterbacks: Western Pennsylvania's Football Factory from Johnny Unitas to Joe Montana,Three
Aladdin and His Wonderful Lamp,Three
Worlds Elsewhere: Journeys Around Shakespeareâs Globe,Five
Wall and Piece,Four
The Four Agreements: A Practical Guide to Personal Freedom,Five
The Five Love Languages: How to Express Heartfelt Commitment to Your Mate,Three
The Elephant Tree,Five
The Bear and the Piano,One
Sophie's World,Five
Penny Maybe,Three
Maude (1883-1993):She Grew Up with the country,Two
"In a Dark, Dark Wood",One
Behind Closed Doors,Four
You can't bury them all: Poems,Two
